step,best_cost,temperature
0,16.538995990619163,99.49916247342207
1,16.538995990619163,0.1365326670300103
2,16.538995990619163,0.08428633951506295
3,16.538995990619163,0.053207377801518276
4,16.538995990619163,0.041597377404726556
5,16.338955257958972,4.128282877403353
