step,best_cost,temperature
0,16.538995990619163,99.49916247342207
1,16.538995990619163,0.1365326670300103
2,16.538995990619163,0.08428633951506295
3,16.538995990619163,5.320737780151828
