step,best_cost,temperature
0,16.538995990619163,99.49916247342207
1,16.538995990619163,0.1365326670300103
2,16.538995990619163,0.08428633951506295
3,16.538995990619163,0.053207377801518276
4,16.538995990619163,0.041597377404726556
5,16.338955257958972,0.04128282877403353
6,16.338955257958972,0.045729379952409506
7,16.338955257958972,0.04970884287973743
8,16.338955257958972,0.047551823269601994
9,16.338955257958972,4.450353669813745
