step,best_cost,temperature
0,16.538995990619163,99.49916247342207
1,16.538995990619163,0.1365326670300103
2,16.538995990619163,8.428633951506296
